"id_eleicao","id_candidato","id_cidade","id_cargo","uf","votos_do_candidato","eleitores","votes_nominais"
131,112506,"61000",6,"SP",0,5438,4931
131,112506,"61018",6,"SP",0,21163,18303
131,112506,"61026",6,"SP",0,1646,1536
131,112506,"61034",6,"SP",0,2820,2444
131,112506,"61042",6,"SP",0,8761,7905
131,112506,"61050",6,"SP",0,18638,15332
131,112506,"61069",6,"SP",0,2779,2474
131,112506,"61077",6,"SP",0,5005,4354
131,112506,"61085",6,"SP",0,2806,2478
131,112506,"61093",6,"SP",0,10817,9130
131,112506,"61107",6,"SP",0,4058,3559
131,112506,"61115",6,"SP",0,2525,2209
131,112506,"61123",6,"SP",0,1305,1195
131,112506,"61131",6,"SP",0,22941,20307
131,112506,"61140",6,"SP",0,2704,2442
131,112506,"61158",6,"SP",0,3015,2663
131,112506,"61166",6,"SP",0,11114,9465
131,112506,"61174",6,"SP",0,2333,2146
131,112506,"61182",6,"SP",0,1986,1860
131,112506,"61190",6,"SP",0,10040,8435
131,112506,"61204",6,"SP",2,15550,13207
131,112506,"61212",6,"SP",0,2968,2423
131,112506,"61220",6,"SP",0,11704,10182
131,112506,"61239",6,"SP",0,3033,2734
131,112506,"61247",6,"SP",0,2143,2007
131,112506,"61255",6,"SP",0,14063,12055
131,112506,"61263",6,"SP",0,11009,9469
131,112506,"61271",6,"SP",0,2355,2026
131,112506,"61280",6,"SP",8,29157,25481
131,112506,"61298",6,"SP",0,2118,1913
131,112506,"61301",6,"SP",0,2278,2027
131,112506,"61310",6,"SP",0,142152,112923
131,112506,"61328",6,"SP",0,5093,4781
131,112506,"61336",6,"SP",0,21469,17522
131,112506,"61344",6,"SP",0,2922,2460
131,112506,"61352",6,"SP",0,3988,3540
131,112506,"61360",6,"SP",0,3494,3224
131,112506,"61379",6,"SP",1,42333,34983
131,112506,"61387",6,"SP",0,2090,1831
131,112506,"61395",6,"SP",0,2971,2604
131,112506,"61409",6,"SP",0,2700,2428
131,112506,"61417",6,"SP",0,34017,29094
131,112506,"61425",6,"SP",0,1625,1440
131,112506,"61433",6,"SP",0,13761,11946
131,112506,"61441",6,"SP",0,5263,4547
131,112506,"61450",6,"SP",0,4002,3679
131,112506,"61468",6,"SP",0,3367,2857
131,112506,"61476",6,"SP",0,2708,2440
131,112506,"61484",6,"SP",0,16782,15296
131,112506,"61492",6,"SP",0,23363,20294
131,112506,"61506",6,"SP",0,3669,3335
131,112506,"61514",6,"SP",0,3080,2789
131,112506,"61522",6,"SP",0,1481,1339
131,112506,"61530",6,"SP",0,14870,13217
131,112506,"61549",6,"SP",0,5453,4620
131,112506,"61557",6,"SP",2,112697,97986
131,112506,"61565",6,"SP",0,9099,7978
131,112506,"61573",6,"SP",0,17417,14950
131,112506,"61581",6,"SP",0,3292,2931
131,112506,"61590",6,"SP",0,3531,3091
131,112506,"61603",6,"SP",0,2169,1999
131,112506,"61611",6,"SP",0,4395,3801
131,112506,"61620",6,"SP",0,4108,3631
131,112506,"61638",6,"SP",5,128190,102375
131,112506,"61646",6,"SP",0,1847,1656
131,112506,"61654",6,"SP",0,78152,65661
131,112506,"61662",6,"SP",0,6836,5684
131,112506,"61670",6,"SP",0,4946,4064
131,112506,"61689",6,"SP",0,9645,8481
131,112506,"61697",6,"SP",0,2525,2267
131,112506,"61700",6,"SP",0,5340,4869
131,112506,"61719",6,"SP",0,6889,4749
131,112506,"61727",6,"SP",0,113147,95761
131,112506,"61735",6,"SP",0,5811,5024
131,112506,"61743",6,"SP",0,8794,7850
131,112506,"61751",6,"SP",0,26232,21941
131,112506,"61760",6,"SP",0,2238,1957
131,112506,"61778",6,"SP",30,51307,42824
131,112506,"61786",6,"SP",0,2388,2273
131,112506,"61794",6,"SP",0,53302,44931
131,112506,"61808",6,"SP",0,2587,2250
131,112506,"61816",6,"SP",0,80868,66106
131,112506,"61824",6,"SP",0,1771,1635
131,112506,"61832",6,"SP",1,8953,7054
131,112506,"61840",6,"SP",0,3561,3209
131,112506,"61859",6,"SP",0,3271,2977
131,112506,"61867",6,"SP",0,2087,1847
131,112506,"61875",6,"SP",0,6069,5186
131,112506,"61883",6,"SP",0,1292,1194
131,112506,"61891",6,"SP",0,49460,40982
131,112506,"61905",6,"SP",0,8729,7433
131,112506,"61913",6,"SP",0,9427,8116
131,112506,"61921",6,"SP",0,1822,1646
131,112506,"61930",6,"SP",0,1113,962
131,112506,"61948",6,"SP",0,2400,2179
131,112506,"61956",6,"SP",0,5800,5129
131,112506,"61964",6,"SP",0,1310,1163
131,112506,"61972",6,"SP",0,6498,5388
131,112506,"61980",6,"SP",0,5365,5000
131,112506,"61999",6,"SP",0,4274,3898
131,112506,"62006",6,"SP",0,5935,5275
131,112506,"62014",6,"SP",0,1988,1675
131,112506,"62022",6,"SP",0,1564,1391
131,112506,"62030",6,"SP",0,18303,15127
131,112506,"62049",6,"SP",0,1901,1780
131,112506,"62057",6,"SP",0,24003,19649
131,112506,"62065",6,"SP",0,1631,1522
131,112506,"62073",6,"SP",0,4566,4275
131,112506,"62081",6,"SP",0,1932,1646
131,112506,"62090",6,"SP",0,65556,56571
131,112506,"62103",6,"SP",0,3019,2732
131,112506,"62111",6,"SP",0,17179,13902
131,112506,"62120",6,"SP",0,1157,1050
131,112506,"62138",6,"SP",1,195600,166812
131,112506,"62146",6,"SP",0,3294,2841
131,112506,"62154",6,"SP",0,13425,11183
131,112506,"62162",6,"SP",0,2267,2068
131,112506,"62170",6,"SP",1,34206,28788
131,112506,"62189",6,"SP",0,1434,1291
131,112506,"62197",6,"SP",1,207821,176288
131,112506,"62200",6,"SP",0,1313,1177
131,112506,"62219",6,"SP",0,44936,38045
131,112506,"62227",6,"SP",0,1333,1174
131,112506,"62235",6,"SP",0,1716,1431
131,112506,"62243",6,"SP",0,2966,2583
131,112506,"62251",6,"SP",0,6611,5533
131,112506,"62260",6,"SP",0,1775,1569
131,112506,"62278",6,"SP",0,4750,3913
131,112506,"62286",6,"SP",0,1225,1091
131,112506,"62294",6,"SP",1,66307,54406
131,112506,"62308",6,"SP",0,3049,2678
131,112506,"62316",6,"SP",0,18049,16010
131,112506,"62324",6,"SP",0,1842,1629
131,112506,"62332",6,"SP",0,8077,6945
131,112506,"62340",6,"SP",0,1832,1697
131,112506,"62359",6,"SP",0,6963,5941
131,112506,"62367",6,"SP",0,1073,970
131,112506,"62375",6,"SP",1,5674,4914
131,112506,"62383",6,"SP",0,5856,5021
131,112506,"62391",6,"SP",0,30070,24034
131,112506,"62405",6,"SP",0,1266,1177
131,112506,"62413",6,"SP",1,12061,10123
131,112506,"62421",6,"SP",0,1614,1393
131,112506,"62430",6,"SP",0,839,751
131,112506,"62448",6,"SP",0,1259,1193
131,112506,"62456",6,"SP",0,2970,2704
131,112506,"62472",6,"SP",0,8706,7465
131,112506,"62499",6,"SP",0,75857,62426
131,112506,"62510",6,"SP",1,95525,80851
131,112506,"62553",6,"SP",0,3398,2954
131,112506,"62570",6,"SP",0,12356,10583
131,112506,"62596",6,"SP",0,13474,11394
131,112506,"62618",6,"SP",0,11435,10311
131,112506,"62634",6,"SP",0,9388,7739
131,112506,"62650",6,"SP",0,2775,2506
131,112506,"62677",6,"SP",0,2975,2650
131,112506,"62693",6,"SP",0,26489,22043
131,112506,"62715",6,"SP",0,54984,44446
131,112506,"62731",6,"SP",0,19217,16252
131,112506,"62758",6,"SP",0,10868,9503
131,112506,"62774",6,"SP",0,10141,8857
131,112506,"62790",6,"SP",0,2963,2663
131,112506,"62812",6,"SP",0,52926,41750
131,112506,"62839",6,"SP",0,3037,2773
131,112506,"62855",6,"SP",0,45077,37629
131,112506,"62871",6,"SP",0,6275,5538
131,112506,"62898",6,"SP",0,14297,12233
131,112506,"62910",6,"SP",8,642732,515434
131,112506,"62936",6,"SP",1,48493,39191
131,112506,"62952",6,"SP",0,28902,22990
131,112506,"62979",6,"SP",0,2885,2580
131,112506,"62995",6,"SP",0,7137,6405
131,112506,"63010",6,"SP",0,19033,16026
131,112506,"63037",6,"SP",0,2027,1693
131,112506,"63053",6,"SP",0,27832,25212
131,112506,"63070",6,"SP",0,10363,9069
131,112506,"63096",6,"SP",0,28642,24776
131,112506,"63118",6,"SP",1,59794,47632
131,112506,"63134",6,"SP",3,226694,181195
131,112506,"63150",6,"SP",0,7395,6280
131,112506,"63177",6,"SP",0,15589,13216
131,112506,"63193",6,"SP",0,2027,1739
131,112506,"63215",6,"SP",0,11115,9395
131,112506,"63231",6,"SP",0,68485,58129
131,112506,"63258",6,"SP",1,4899,4212
131,112506,"63274",6,"SP",0,5532,4719
131,112506,"63290",6,"SP",0,10678,8971
131,112506,"63312",6,"SP",0,25061,19368
131,112506,"63339",6,"SP",0,9238,7509
131,112506,"63355",6,"SP",0,10140,8854
131,112506,"63371",6,"SP",0,7643,6542
131,112506,"63398",6,"SP",0,4157,3483
131,112506,"63410",6,"SP",0,11111,9409
131,112506,"63436",6,"SP",0,4277,3876
131,112506,"63452",6,"SP",0,16433,13088
131,112506,"63479",6,"SP",0,9963,8653
131,112506,"63495",6,"SP",0,14071,11315
131,112506,"63517",6,"SP",1,3340,2906
131,112506,"63533",6,"SP",0,3453,3156
131,112506,"63550",6,"SP",0,2474,2103
131,112506,"63576",6,"SP",0,34925,27103
131,112506,"63592",6,"SP",0,4954,4368
131,112506,"63614",6,"SP",2,123151,101102
131,112506,"63630",6,"SP",0,19436,16429
131,112506,"63657",6,"SP",0,5476,4932
131,112506,"63673",6,"SP",0,1808,1710
131,112506,"63690",6,"SP",0,47058,37526
131,112506,"63711",6,"SP",0,76565,65079
131,112506,"63738",6,"SP",0,14201,12401
131,112506,"63754",6,"SP",0,19933,15961
131,112506,"63770",6,"SP",1,268474,218193
131,112506,"63797",6,"SP",0,8019,6448
131,112506,"63819",6,"SP",1,4539,3898
131,112506,"63835",6,"SP",0,14541,12544
131,112506,"63851",6,"SP",0,1811,1580
131,112506,"63878",6,"SP",0,5788,4838
131,112506,"63894",6,"SP",0,27143,24219
131,112506,"63916",6,"SP",0,8056,7097
131,112506,"63932",6,"SP",0,5270,4530
131,112506,"63959",6,"SP",0,4016,3524
131,112506,"63975",6,"SP",0,7988,7354
131,112506,"63991",6,"SP",1,10442,8778
131,112506,"64017",6,"SP",3,136811,112679
131,112506,"64033",6,"SP",0,40517,33845
131,112506,"64050",6,"SP",0,5539,4808
131,112506,"64076",6,"SP",0,2044,1890
131,112506,"64092",6,"SP",0,9831,8475
131,112506,"64114",6,"SP",0,39387,33902
131,112506,"64130",6,"SP",0,3869,3442
131,112506,"64157",6,"SP",2,98649,67435
131,112506,"64173",6,"SP",0,1371,1284
131,112506,"64190",6,"SP",0,2165,1926
131,112506,"64211",6,"SP",0,6787,5761
131,112506,"64238",6,"SP",0,2150,1997
131,112506,"64254",6,"SP",1,190320,169442
131,112506,"64270",6,"SP",1,90492,70783
131,112506,"64297",6,"SP",0,77516,58462
131,112506,"64319",6,"SP",0,2143,1827
131,112506,"64335",6,"SP",0,4159,3629
131,112506,"64351",6,"SP",0,26337,21226
131,112506,"64378",6,"SP",0,2492,2079
131,112506,"64394",6,"SP",0,6796,5973
131,112506,"64416",6,"SP",0,6008,5043
131,112506,"64432",6,"SP",0,3202,2873
131,112506,"64459",6,"SP",0,6455,5611
131,112506,"64475",6,"SP",0,3567,3138
131,112506,"64491",6,"SP",0,21925,19700
131,112506,"64513",6,"SP",2,11294,9388
131,112506,"64530",6,"SP",0,11190,10299
131,112506,"64556",6,"SP",0,11870,10683
131,112506,"64572",6,"SP",0,5338,4474
131,112506,"64599",6,"SP",0,6192,5690
131,112506,"64610",6,"SP",0,1339,1202
131,112506,"64637",6,"SP",0,4209,3297
131,112506,"64653",6,"SP",0,18911,16296
131,112506,"64670",6,"SP",0,18588,17326
131,112506,"64696",6,"SP",0,71930,61919
131,112506,"64718",6,"SP",0,7073,5725
131,112506,"64734",6,"SP",0,22666,19918
131,112506,"64750",6,"SP",3,180316,149782
131,112506,"64777",6,"SP",67,725993,586661
131,112506,"64793",6,"SP",0,3001,2594
131,112506,"64815",6,"SP",0,5357,4803
131,112506,"64831",6,"SP",0,6151,5405
131,112506,"64858",6,"SP",0,4158,3645
131,112506,"64874",6,"SP",0,19529,15959
131,112506,"64890",6,"SP",0,6627,5730
131,112506,"64912",6,"SP",0,3899,3357
131,112506,"64939",6,"SP",1,32883,27351
131,112506,"64955",6,"SP",0,44987,38853
131,112506,"64971",6,"SP",0,5046,4576
131,112506,"64998",6,"SP",0,4803,4318
131,112506,"65013",6,"SP",0,14942,11864
131,112506,"65030",6,"SP",0,15528,13377
131,112506,"65056",6,"SP",0,6294,5739
131,112506,"65072",6,"SP",0,16117,13413
131,112506,"65099",6,"SP",0,16786,15090
131,112506,"65110",6,"SP",1,123570,103270
131,112506,"65137",6,"SP",0,3515,2999
131,112506,"65153",6,"SP",0,2625,2409
131,112506,"65170",6,"SP",0,2539,2235
131,112506,"65196",6,"SP",0,8412,7222
131,112506,"65218",6,"SP",0,14311,12318
131,112506,"65234",6,"SP",0,4104,3668
131,112506,"65250",6,"SP",0,2421,2268
131,112506,"65277",6,"SP",0,8639,7646
131,112506,"65293",6,"SP",0,13571,11472
131,112506,"65315",6,"SP",0,4341,3690
131,112506,"65331",6,"SP",0,4203,3622
131,112506,"65358",6,"SP",0,11229,10040
131,112506,"65374",6,"SP",0,13132,10710
131,112506,"65390",6,"SP",0,9725,8404
131,112506,"65412",6,"SP",0,2315,2009
131,112506,"65439",6,"SP",3,51501,43831
131,112506,"65455",6,"SP",1,90497,74103
131,112506,"65471",6,"SP",0,83842,70092
131,112506,"65498",6,"SP",0,52911,46847
131,112506,"65510",6,"SP",1,117094,99469
131,112506,"65536",6,"SP",0,44648,34801
131,112506,"65552",6,"SP",0,23106,18175
131,112506,"65579",6,"SP",0,8755,7509
131,112506,"65595",6,"SP",0,7094,6108
131,112506,"65617",6,"SP",0,2711,2406
131,112506,"65633",6,"SP",3,175621,142744
131,112506,"65650",6,"SP",0,27514,25337
131,112506,"65676",6,"SP",0,6696,5983
131,112506,"65692",6,"SP",0,60774,50069
131,112506,"65714",6,"SP",0,10932,9466
131,112506,"65730",6,"SP",0,7672,6368
131,112506,"65757",6,"SP",0,3927,3588
131,112506,"65773",6,"SP",0,4874,4208
131,112506,"65790",6,"SP",0,95108,71754
131,112506,"65811",6,"SP",1,29174,23694
131,112506,"65838",6,"SP",0,22155,19518
131,112506,"65854",6,"SP",0,4123,3296
131,112506,"65870",6,"SP",0,40141,34454
131,112506,"65897",6,"SP",3,129511,111921
131,112506,"65919",6,"SP",0,4262,3883
131,112506,"65935",6,"SP",0,9778,9019
131,112506,"65951",6,"SP",0,28158,22940
131,112506,"65978",6,"SP",0,29616,25585
131,112506,"65994",6,"SP",0,3559,2075
131,112506,"66010",6,"SP",0,61667,50552
131,112506,"66036",6,"SP",0,20661,17158
131,112506,"66052",6,"SP",0,14629,12360
131,112506,"66079",6,"SP",0,78921,65687
131,112506,"66095",6,"SP",0,2381,2182
131,112506,"66117",6,"SP",0,7301,6310
131,112506,"66133",6,"SP",0,2888,2648
131,112506,"66150",6,"SP",0,20115,16896
131,112506,"66176",6,"SP",0,3031,2653
131,112506,"66192",6,"SP",1,236816,198712
131,112506,"66214",6,"SP",0,10967,9381
131,112506,"66230",6,"SP",0,11338,10346
131,112506,"66257",6,"SP",0,17238,14946
131,112506,"66273",6,"SP",0,4094,3639
131,112506,"66290",6,"SP",0,16350,14310
131,112506,"66311",6,"SP",0,3313,2791
131,112506,"66338",6,"SP",0,4759,4081
131,112506,"66354",6,"SP",0,58080,46989
131,112506,"66370",6,"SP",1,38349,31786
131,112506,"66397",6,"SP",0,168921,136745
131,112506,"66419",6,"SP",0,4354,3881
131,112506,"66435",6,"SP",0,42673,35628
131,112506,"66451",6,"SP",2,50305,42359
131,112506,"66478",6,"SP",4,24795,20739
131,112506,"66494",6,"SP",0,11013,9322
131,112506,"66516",6,"SP",0,1532,1342
131,112506,"66532",6,"SP",0,6687,5669
131,112506,"66559",6,"SP",0,3071,2802
131,112506,"66575",6,"SP",0,2834,2544
131,112506,"66591",6,"SP",0,1973,1759
131,112506,"66613",6,"SP",0,10614,8951
131,112506,"66630",6,"SP",0,4946,3986
131,112506,"66656",6,"SP",0,2546,2162
131,112506,"66672",6,"SP",0,2281,1903
131,112506,"66699",6,"SP",0,28947,24171
131,112506,"66710",6,"SP",0,45552,37014
131,112506,"66737",6,"SP",0,5626,4639
131,112506,"66753",6,"SP",0,2533,2328
131,112506,"66770",6,"SP",0,8835,7683
131,112506,"66796",6,"SP",0,2566,2129
131,112506,"66818",6,"SP",2,131383,108464
131,112506,"66834",6,"SP",0,1539,1348
131,112506,"66850",6,"SP",0,14263,12521
131,112506,"66877",6,"SP",0,51056,43689
131,112506,"66893",6,"SP",2,248911,195811
131,112506,"66915",6,"SP",0,3351,2931
131,112506,"66931",6,"SP",0,2874,2489
131,112506,"66958",6,"SP",0,12397,11300
131,112506,"66974",6,"SP",0,7344,6071
131,112506,"66990",6,"SP",0,11380,10291
131,112506,"67016",6,"SP",0,2054,1741
131,112506,"67032",6,"SP",0,15404,12598
131,112506,"67059",6,"SP",0,10304,9231
131,112506,"67075",6,"SP",0,32482,27517
131,112506,"67091",6,"SP",0,2851,2540
131,112506,"67113",6,"SP",0,41018,33828
131,112506,"67130",6,"SP",3,241345,202309
131,112506,"67156",6,"SP",14,88959,69936
131,112506,"67172",6,"SP",1,53950,42024
131,112506,"67199",6,"SP",0,2473,2153
131,112506,"67210",6,"SP",0,1616,1353
131,112506,"67237",6,"SP",0,29014,24905
131,112506,"67253",6,"SP",0,4786,4018
131,112506,"67270",6,"SP",0,28490,23239
131,112506,"67296",6,"SP",0,13014,10919
131,112506,"67318",6,"SP",0,11942,10146
131,112506,"67334",6,"SP",0,2767,2511
131,112506,"67350",6,"SP",0,2836,2573
131,112506,"67377",6,"SP",1,30076,24536
131,112506,"67393",6,"SP",0,16076,13948
131,112506,"67415",6,"SP",0,8236,6927
131,112506,"67431",6,"SP",0,2767,2335
131,112506,"67458",6,"SP",0,3240,2950
131,112506,"67474",6,"SP",1,4749,4235
131,112506,"67490",6,"SP",0,10319,8593
131,112506,"67512",6,"SP",0,5997,4811
131,112506,"67539",6,"SP",0,6458,5432
131,112506,"67555",6,"SP",0,3000,2585
131,112506,"67571",6,"SP",0,4155,3443
131,112506,"67598",6,"SP",0,6034,5178
131,112506,"67610",6,"SP",0,11697,9969
131,112506,"67636",6,"SP",0,1532,1328
131,112506,"67652",6,"SP",0,2407,2082
131,112506,"67679",6,"SP",0,2303,2063
131,112506,"67695",6,"SP",0,35131,29303
131,112506,"67717",6,"SP",0,22291,19466
131,112506,"67733",6,"SP",0,4614,4042
131,112506,"67750",6,"SP",0,2723,2308
131,112506,"67776",6,"SP",0,2187,1911
131,112506,"67792",6,"SP",2,30528,26064
131,112506,"67814",6,"SP",0,2884,2576
131,112506,"67830",6,"SP",0,4264,3751
131,112506,"67857",6,"SP",0,3624,3222
131,112506,"67873",6,"SP",0,24397,21168
131,112506,"67890",6,"SP",4,452239,367484
131,112506,"67911",6,"SP",0,2019,1807
131,112506,"67938",6,"SP",0,18304,15414
131,112506,"67954",6,"SP",0,60044,51321
131,112506,"67970",6,"SP",0,4834,4353
131,112506,"67997",6,"SP",0,6728,5935
131,112506,"68012",6,"SP",0,6579,5627
131,112506,"68039",6,"SP",0,5826,5074
131,112506,"68055",6,"SP",0,6052,5018
131,112506,"68071",6,"SP",0,13325,11568
131,112506,"68098",6,"SP",0,8214,7195
131,112506,"68110",6,"SP",0,24442,20243
131,112506,"68136",6,"SP",0,10972,9583
131,112506,"68152",6,"SP",0,4077,3357
131,112506,"68179",6,"SP",0,10562,9133
131,112506,"68195",6,"SP",0,2547,2135
131,112506,"68217",6,"SP",0,6581,5649
131,112506,"68233",6,"SP",0,3973,3475
131,112506,"68250",6,"SP",0,11109,9891
131,112506,"68276",6,"SP",0,8377,7681
131,112506,"68292",6,"SP",0,4174,3651
131,112506,"68314",6,"SP",0,52456,41327
131,112506,"68330",6,"SP",0,5094,4629
131,112506,"68357",6,"SP",0,25377,21386
131,112506,"68373",6,"SP",0,3841,3355
131,112506,"68390",6,"SP",0,1805,1365
131,112506,"68411",6,"SP",0,10128,8736
131,112506,"68438",6,"SP",0,26277,21285
131,112506,"68454",6,"SP",0,5466,4930
131,112506,"68470",6,"SP",0,35203,28988
131,112506,"68497",6,"SP",0,14981,13051
131,112506,"68519",6,"SP",0,5014,4351
131,112506,"68535",6,"SP",0,37921,32390
131,112506,"68551",6,"SP",0,3568,3027
131,112506,"68578",6,"SP",1,31564,26727
131,112506,"68594",6,"SP",0,16972,14717
131,112506,"68616",6,"SP",0,87684,72926
131,112506,"68632",6,"SP",0,9159,7689
131,112506,"68659",6,"SP",0,26144,22668
131,112506,"68675",6,"SP",0,8077,6873
131,112506,"68691",6,"SP",0,2359,2102
131,112506,"68713",6,"SP",0,8900,7654
131,112506,"68730",6,"SP",0,16513,13820
131,112506,"68756",6,"SP",2,225895,184784
131,112506,"68772",6,"SP",0,17420,14366
131,112506,"68799",6,"SP",0,11949,10316
131,112506,"68810",6,"SP",0,6432,5337
131,112506,"68837",6,"SP",0,8869,7753
131,112506,"68853",6,"SP",0,15492,13559
131,112506,"68870",6,"SP",1,43963,37355
131,112506,"68896",6,"SP",0,7346,6547
131,112506,"68918",6,"SP",0,19752,16842
131,112506,"68934",6,"SP",0,3144,2804
131,112506,"68950",6,"SP",0,2168,1930
131,112506,"68977",6,"SP",0,74798,60758
131,112506,"68993",6,"SP",0,3500,3007
131,112506,"69019",6,"SP",1,12806,11075
131,112506,"69035",6,"SP",0,2551,2350
131,112506,"69051",6,"SP",0,21337,18259
131,112506,"69078",6,"SP",0,1910,1700
131,112506,"69094",6,"SP",0,3069,2744
131,112506,"69116",6,"SP",0,5084,4331
131,112506,"69132",6,"SP",0,30853,24764
131,112506,"69159",6,"SP",2,32525,27875
131,112506,"69175",6,"SP",0,10023,8070
131,112506,"69191",6,"SP",0,10665,8892
131,112506,"69213",6,"SP",1,147647,123726
131,112506,"69230",6,"SP",0,2778,2525
131,112506,"69256",6,"SP",0,8308,7203
131,112506,"69272",6,"SP",0,23626,20712
131,112506,"69299",6,"SP",0,127988,110872
131,112506,"69310",6,"SP",0,22639,20240
131,112506,"69337",6,"SP",0,21070,16999
131,112506,"69353",6,"SP",0,7903,6729
131,112506,"69370",6,"SP",0,2348,2195
131,112506,"69396",6,"SP",0,5845,5191
131,112506,"69418",6,"SP",0,4019,3614
131,112506,"69434",6,"SP",1,6309,5488
131,112506,"69450",6,"SP",0,18491,16597
131,112506,"69477",6,"SP",0,2950,2582
131,112506,"69493",6,"SP",0,12224,10851
131,112506,"69515",6,"SP",0,3614,3215
131,112506,"69531",6,"SP",0,33204,30579
131,112506,"69558",6,"SP",0,4862,4347
131,112506,"69574",6,"SP",0,2336,2142
131,112506,"69590",6,"SP",0,6947,5832
131,112506,"69612",6,"SP",0,11030,10058
131,112506,"69639",6,"SP",0,3041,2832
131,112506,"69655",6,"SP",0,3147,2790
131,112506,"69671",6,"SP",1,72795,57085
131,112506,"69698",6,"SP",1,336700,272751
131,112506,"69710",6,"SP",0,3524,3060
131,112506,"69736",6,"SP",0,2959,2667
131,112506,"69752",6,"SP",0,6183,5173
131,112506,"69779",6,"SP",0,5876,5021
131,112506,"69795",6,"SP",0,115288,91657
131,112506,"69817",6,"SP",0,19660,16002
131,112506,"69833",6,"SP",0,27637,23615
131,112506,"69850",6,"SP",0,5413,4834
131,112506,"69876",6,"SP",0,6220,5495
131,112506,"69892",6,"SP",0,1887,1723
131,112506,"69914",6,"SP",0,2099,1828
131,112506,"69930",6,"SP",0,3542,2995
131,112506,"69957",6,"SP",0,1701,1594
131,112506,"69973",6,"SP",0,3620,3265
131,112506,"69990",6,"SP",1,6633,5692
131,112506,"70017",6,"SP",0,11680,10223
131,112506,"70033",6,"SP",0,2989,2583
131,112506,"70050",6,"SP",0,68960,57348
131,112506,"70076",6,"SP",0,23136,17670
131,112506,"70092",6,"SP",0,5136,4373
131,112506,"70114",6,"SP",0,2622,2474
131,112506,"70130",6,"SP",0,9057,7905
131,112506,"70157",6,"SP",0,3812,3296
131,112506,"70173",6,"SP",1,113895,90813
131,112506,"70190",6,"SP",0,3627,3075
131,112506,"70211",6,"SP",0,9255,8285
131,112506,"70238",6,"SP",0,1645,1437
131,112506,"70254",6,"SP",0,2904,2453
131,112506,"70270",6,"SP",0,17787,15193
131,112506,"70297",6,"SP",0,26648,22799
131,112506,"70319",6,"SP",0,4174,3785
131,112506,"70335",6,"SP",0,18666,16357
131,112506,"70351",6,"SP",0,13107,10887
131,112506,"70378",6,"SP",2,32242,27397
131,112506,"70394",6,"SP",0,6351,5104
131,112506,"70416",6,"SP",0,3424,2964
131,112506,"70432",6,"SP",0,1987,1825
131,112506,"70459",6,"SP",0,1299,1142
131,112506,"70475",6,"SP",0,62255,48405
131,112506,"70491",6,"SP",0,1917,1699
131,112506,"70513",6,"SP",0,16512,14248
131,112506,"70530",6,"SP",1,15048,12534
131,112506,"70556",6,"SP",0,12745,10499
131,112506,"70572",6,"SP",2,454664,367860
131,112506,"70599",6,"SP",0,4623,4214
131,112506,"70610",6,"SP",0,12667,10597
131,112506,"70637",6,"SP",0,4439,3967
131,112506,"70653",6,"SP",0,4715,3997
131,112506,"70670",6,"SP",0,2128,1966
131,112506,"70696",6,"SP",0,2637,2214
131,112506,"70718",6,"SP",1,268389,228384
131,112506,"70734",6,"SP",0,6932,6012
131,112506,"70750",6,"SP",3,491192,403012
131,112506,"70777",6,"SP",0,107516,90882
131,112506,"70793",6,"SP",2,142086,118242
131,112506,"70815",6,"SP",0,2021,1719
131,112506,"70831",6,"SP",1,54266,46836
131,112506,"70858",6,"SP",0,1938,1693
131,112506,"70874",6,"SP",0,1577,1335
131,112506,"70890",6,"SP",0,28482,23813
131,112506,"70912",6,"SP",0,5177,4556
131,112506,"70939",6,"SP",0,2802,2564
131,112506,"70955",6,"SP",1,32764,27427
131,112506,"70971",6,"SP",1,250606,214110
131,112506,"70998",6,"SP",4,390647,341891
131,112506,"71013",6,"SP",0,7853,6970
131,112506,"71030",6,"SP",0,24386,17890
131,112506,"71056",6,"SP",0,19203,16536
131,112506,"71072",6,"SP",121,7104325,5770249
131,112506,"71099",6,"SP",0,19059,16011
131,112506,"71110",6,"SP",0,4403,3881
131,112506,"71137",6,"SP",0,45383,37026
131,112506,"71153",6,"SP",0,44000,37636
131,112506,"71170",6,"SP",0,7201,6014
131,112506,"71196",6,"SP",0,9089,8117
131,112506,"71218",6,"SP",1,204431,168959
131,112506,"71234",6,"SP",0,5524,4801
131,112506,"71250",6,"SP",0,2477,2209
131,112506,"71277",6,"SP",0,2377,1993
131,112506,"71293",6,"SP",0,5182,4516
131,112506,"71315",6,"SP",0,24236,21097
131,112506,"71331",6,"SP",0,16749,14680
131,112506,"71358",6,"SP",0,68575,57493
131,112506,"71374",6,"SP",0,7718,7066
131,112506,"71390",6,"SP",0,10008,8794
131,112506,"71412",6,"SP",0,4166,3706
131,112506,"71439",6,"SP",0,22264,19390
131,112506,"71455",6,"SP",13,370733,303485
131,112506,"71471",6,"SP",0,4943,4370
131,112506,"71498",6,"SP",3,138896,112729
131,112506,"71510",6,"SP",3,168137,134558
131,112506,"71536",6,"SP",0,7421,6148
131,112506,"71552",6,"SP",0,8979,7543
131,112506,"71579",6,"SP",5,161583,131222
131,112506,"71595",6,"SP",0,4072,3763
131,112506,"71617",6,"SP",0,6707,5967
131,112506,"71633",6,"SP",0,3637,3187
131,112506,"71650",6,"SP",0,3684,3274
131,112506,"71676",6,"SP",1,13551,11750
131,112506,"71692",6,"SP",0,15565,13989
131,112506,"71714",6,"SP",0,4644,4055
131,112506,"71730",6,"SP",0,8250,7119
131,112506,"71757",6,"SP",0,30961,26752
131,112506,"71773",6,"SP",0,14659,12647
131,112506,"71790",6,"SP",0,4319,3890
131,112506,"71811",6,"SP",0,64213,52637
131,112506,"71838",6,"SP",5,173952,140578
131,112506,"71854",6,"SP",0,3054,2691
131,112506,"71870",6,"SP",0,12464,11355
131,112506,"71897",6,"SP",0,5428,4747
131,112506,"71919",6,"SP",0,22648,18919
131,112506,"71935",6,"SP",0,1938,1778
131,112506,"71951",6,"SP",0,5785,4984
131,112506,"71978",6,"SP",0,19527,16291
131,112506,"71994",6,"SP",0,3761,3367
131,112506,"72010",6,"SP",0,38730,33335
131,112506,"72036",6,"SP",0,8792,7862
131,112506,"72052",6,"SP",0,1347,1156
131,112506,"72079",6,"SP",0,1406,1189
131,112506,"72095",6,"SP",0,47147,39340
131,112506,"72117",6,"SP",0,2873,2569
131,112506,"72133",6,"SP",0,6336,5098
131,112506,"72150",6,"SP",0,1271,1151
131,112506,"72176",6,"SP",0,5447,4525
131,112506,"72192",6,"SP",0,1137,1041
131,112506,"72214",6,"SP",0,8160,7010
131,112506,"72230",6,"SP",0,7196,6196
131,112506,"72257",6,"SP",0,68359,54855
131,112506,"72273",6,"SP",0,11978,10600
131,112506,"72311",6,"SP",1,24254,20966
131,112506,"72338",6,"SP",0,69169,56404
131,112506,"72354",6,"SP",0,6863,5902
131,112506,"72370",6,"SP",0,44213,35830
131,112506,"72397",6,"SP",0,10922,9429
131,112506,"72419",6,"SP",0,4226,3517
131,112506,"72435",6,"SP",3,69756,57020
131,112506,"72451",6,"SP",0,54611,47844
131,112506,"72737",6,"SP",1,27818,23381
