"election_id","candidate_id","city_id","post_id","city_name","city_state","full_ibge_code","total_votes","attendances","valid_votes","name","display_name"
131,103330,"19003",5,"RIACHÃO DO POÇO","PB",2512762,288,3150,2552,"JOSÉ TARGINO MARANHÃO","JOSE MARANHÃO"
131,103330,"19011",5,"ÁGUA BRANCA","PB",2500106,1490,5312,4076,"JOSÉ TARGINO MARANHÃO","JOSE MARANHÃO"
131,103330,"19020",5,"SOBRADO","PB",2515971,1226,5111,4011,"JOSÉ TARGINO MARANHÃO","JOSE MARANHÃO"
131,103330,"19038",5,"AGUIAR","PB",2500205,196,3605,3019,"JOSÉ TARGINO MARANHÃO","JOSE MARANHÃO"
131,103330,"19046",5,"SÃO JOSÉ DOS RAMOS","PB",2514453,1676,3766,2923,"JOSÉ TARGINO MARANHÃO","JOSE MARANHÃO"
131,103330,"19054",5,"ALAGOA GRANDE","PB",2500304,3785,16640,12330,"JOSÉ TARGINO MARANHÃO","JOSE MARANHÃO"
131,103330,"19062",5,"CAPIM","PB",2504033,1217,3690,2816,"JOSÉ TARGINO MARANHÃO","JOSE MARANHÃO"
131,103330,"19070",5,"ALAGOA NOVA","PB",2500403,4151,11657,8339,"JOSÉ TARGINO MARANHÃO","JOSE MARANHÃO"
131,103330,"19089",5,"CUITÉ DE MAMANGUAPE","PB",2505238,1495,4690,3562,"JOSÉ TARGINO MARANHÃO","JOSE MARANHÃO"
131,103330,"19097",5,"ALAGOINHA","PB",2500502,2376,8178,5901,"JOSÉ TARGINO MARANHÃO","JOSE MARANHÃO"
131,103330,"19100",5,"CURRAL DE CIMA","PB",2505279,1559,3689,2824,"JOSÉ TARGINO MARANHÃO","JOSE MARANHÃO"
131,103330,"19119",5,"ALHANDRA","PB",2500601,5149,13769,10340,"JOSÉ TARGINO MARANHÃO","JOSE MARANHÃO"
131,103330,"19127",5,"RIACHÃO DO BACAMARTE","PB",2512754,926,3266,2400,"JOSÉ TARGINO MARANHÃO","JOSE MARANHÃO"
131,103330,"19135",5,"SÃO JOÃO DO RIO DO PEIXE","PB",2500700,2864,11256,7781,"JOSÉ TARGINO MARANHÃO","JOSE MARANHÃO"
131,103330,"19143",5,"MATINHAS","PB",2509339,565,3086,2157,"JOSÉ TARGINO MARANHÃO","JOSE MARANHÃO"
131,103330,"19151",5,"ARAÇAGI","PB",2500809,4597,10227,7943,"JOSÉ TARGINO MARANHÃO","JOSE MARANHÃO"
131,103330,"19160",5,"LOGRADOURO","PB",2508554,1097,2612,2034,"JOSÉ TARGINO MARANHÃO","JOSE MARANHÃO"
131,103330,"19178",5,"ARARA","PB",2500908,2634,6555,5133,"JOSÉ TARGINO MARANHÃO","JOSE MARANHÃO"
131,103330,"19186",5,"SERTÃOZINHO","PB",2515930,647,3083,2461,"JOSÉ TARGINO MARANHÃO","JOSE MARANHÃO"
131,103330,"19194",5,"ARARUNA","PB",2501005,4931,9801,7738,"JOSÉ TARGINO MARANHÃO","JOSE MARANHÃO"
131,103330,"19208",5,"RIACHÃO","PB",2512747,857,2728,2332,"JOSÉ TARGINO MARANHÃO","JOSE MARANHÃO"
131,103330,"19216",5,"AREIA","PB",2501104,4830,14780,10490,"JOSÉ TARGINO MARANHÃO","JOSE MARANHÃO"
131,103330,"19224",5,"SÃO DOMINGOS DO CARIRI","PB",2513943,600,2062,1691,"JOSÉ TARGINO MARANHÃO","JOSE MARANHÃO"
131,103330,"19232",5,"AREIAL","PB",2501203,1701,4407,3449,"JOSÉ TARGINO MARANHÃO","JOSE MARANHÃO"
131,103330,"19240",5,"CARAÚBAS","PB",2504074,1726,3036,2363,"JOSÉ TARGINO MARANHÃO","JOSE MARANHÃO"
131,103330,"19259",5,"AROEIRAS","PB",2501302,5071,12012,8818,"JOSÉ TARGINO MARANHÃO","JOSE MARANHÃO"
131,103330,"19267",5,"SANTO ANDRÉ","PB",2513851,1117,2097,1543,"JOSÉ TARGINO MARANHÃO","JOSE MARANHÃO"
131,103330,"19275",5,"DAMIÃO","PB",2505352,1920,3215,2852,"JOSÉ TARGINO MARANHÃO","JOSE MARANHÃO"
131,103330,"19283",5,"SOSSÊGO","PB",2516151,783,2434,1984,"JOSÉ TARGINO MARANHÃO","JOSE MARANHÃO"
131,103330,"19291",5,"BAÍA DA TRAIÇÃO","PB",2501401,923,4742,3558,"JOSÉ TARGINO MARANHÃO","JOSE MARANHÃO"
131,103330,"19305",5,"BARAÚNA","PB",2501534,1459,3160,2432,"JOSÉ TARGINO MARANHÃO","JOSE MARANHÃO"
131,103330,"19313",5,"BANANEIRAS","PB",2501500,3295,12920,9418,"JOSÉ TARGINO MARANHÃO","JOSE MARANHÃO"
131,103330,"19321",5,"ASSUNÇÃO","PB",2501351,661,2779,2195,"JOSÉ TARGINO MARANHÃO","JOSE MARANHÃO"
131,103330,"19330",5,"BARRA DE SANTA ROSA","PB",2501609,2861,8363,6690,"JOSÉ TARGINO MARANHÃO","JOSE MARANHÃO"
131,103330,"19348",5,"ZABELÊ","PB",2517407,296,1670,1189,"JOSÉ TARGINO MARANHÃO","JOSE MARANHÃO"
131,103330,"19356",5,"BARRA DE SÃO MIGUEL","PB",2501708,1965,3921,2798,"JOSÉ TARGINO MARANHÃO","JOSE MARANHÃO"
131,103330,"19364",5,"CACIMBAS","PB",2503555,581,3826,2851,"JOSÉ TARGINO MARANHÃO","JOSE MARANHÃO"
131,103330,"19372",5,"BAYEUX","PB",2501807,10313,58892,43129,"JOSÉ TARGINO MARANHÃO","JOSE MARANHÃO"
131,103330,"19380",5,"CAJAZEIRINHAS","PB",2503753,1140,2784,2322,"JOSÉ TARGINO MARANHÃO","JOSE MARANHÃO"
131,103330,"19399",5,"BELÉM","PB",2501906,3087,10138,7702,"JOSÉ TARGINO MARANHÃO","JOSE MARANHÃO"
131,103330,"19402",5,"SÃO BENTINHO","PB",2513927,261,2772,2317,"JOSÉ TARGINO MARANHÃO","JOSE MARANHÃO"
131,103330,"19410",5,"BELÉM DO BREJO DO CRUZ","PB",2502003,465,4566,3645,"JOSÉ TARGINO MARANHÃO","JOSE MARANHÃO"
131,103330,"19429",5,"SÃO DOMINGOS","PB",2513968,1186,2298,1818,"JOSÉ TARGINO MARANHÃO","JOSE MARANHÃO"
131,103330,"19437",5,"BOA VENTURA","PB",2502102,813,3984,3360,"JOSÉ TARGINO MARANHÃO","JOSE MARANHÃO"
131,103330,"19445",5,"SÃO JOSÉ DE PRINCESA","PB",2514552,99,2525,2025,"JOSÉ TARGINO MARANHÃO","JOSE MARANHÃO"
131,103330,"19453",5,"BOM JESUS","PB",2502201,360,2199,1667,"JOSÉ TARGINO MARANHÃO","JOSE MARANHÃO"
131,103330,"19461",5,"MARIZÓPOLIS","PB",2509156,2827,4274,3550,"JOSÉ TARGINO MARANHÃO","JOSE MARANHÃO"
131,103330,"19470",5,"BOM SUCESSO","PB",2502300,134,3372,2816,"JOSÉ TARGINO MARANHÃO","JOSE MARANHÃO"
131,103330,"19488",5,"MATO GROSSO","PB",2509370,933,1956,1733,"JOSÉ TARGINO MARANHÃO","JOSE MARANHÃO"
131,103330,"19496",5,"BONITO DE SANTA FÉ","PB",2502409,2267,5763,4595,"JOSÉ TARGINO MARANHÃO","JOSE MARANHÃO"
131,103330,"19500",5,"BERNARDINO BATISTA","PB",2502052,63,2005,1683,"JOSÉ TARGINO MARANHÃO","JOSE MARANHÃO"
131,103330,"19518",5,"BOQUEIRÃO","PB",2502508,3196,11176,8381,"JOSÉ TARGINO MARANHÃO","JOSE MARANHÃO"
131,103330,"19526",5,"POÇO DE JOSÉ DE MOURA","PB",2512077,217,3056,2335,"JOSÉ TARGINO MARANHÃO","JOSE MARANHÃO"
131,103330,"19534",5,"IGARACY","PB",2502607,254,4069,3454,"JOSÉ TARGINO MARANHÃO","JOSE MARANHÃO"
131,103330,"19542",5,"SÃO JOSÉ DO BREJO DO CRUZ","PB",2514651,321,1477,1271,"JOSÉ TARGINO MARANHÃO","JOSE MARANHÃO"
131,103330,"19550",5,"BORBOREMA","PB",2502706,1042,3315,2540,"JOSÉ TARGINO MARANHÃO","JOSE MARANHÃO"
131,103330,"19569",5,"SANTA INÊS","PB",2513356,218,2837,2230,"JOSÉ TARGINO MARANHÃO","JOSE MARANHÃO"
131,103330,"19577",5,"BREJO DO CRUZ","PB",2502805,1759,7662,6217,"JOSÉ TARGINO MARANHÃO","JOSE MARANHÃO"
131,103330,"19585",5,"AMPARO","PB",2500734,107,1851,1458,"JOSÉ TARGINO MARANHÃO","JOSE MARANHÃO"
131,103330,"19593",5,"BREJO DOS SANTOS","PB",2502904,1044,4546,3718,"JOSÉ TARGINO MARANHÃO","JOSE MARANHÃO"
131,103330,"19607",5,"CASSERENGUE","PB",2504157,1553,4098,3279,"JOSÉ TARGINO MARANHÃO","JOSE MARANHÃO"
131,103330,"19615",5,"CAAPORÃ","PB",2503001,3106,13288,8482,"JOSÉ TARGINO MARANHÃO","JOSE MARANHÃO"
131,103330,"19623",5,"GADO BRAVO","PB",2506251,1877,5683,4165,"JOSÉ TARGINO MARANHÃO","JOSE MARANHÃO"
131,103330,"19631",5,"CABACEIRAS","PB",2503100,710,3752,2723,"JOSÉ TARGINO MARANHÃO","JOSE MARANHÃO"
131,103330,"19640",5,"POÇO DANTAS","PB",2512036,411,2608,2126,"JOSÉ TARGINO MARANHÃO","JOSE MARANHÃO"
131,103330,"19658",5,"CABEDELO","PB",2503209,10378,33953,24428,"JOSÉ TARGINO MARANHÃO","JOSE MARANHÃO"
131,103330,"19666",5,"JOCA CLAUDINO","PB",2513653,429,1928,1576,"JOSÉ TARGINO MARANHÃO","JOSE MARANHÃO"
131,103330,"19674",5,"CACHOEIRA DOS ÍNDIOS","PB",2503308,940,5671,3961,"JOSÉ TARGINO MARANHÃO","JOSE MARANHÃO"
131,103330,"19682",5,"TENÓRIO","PB",2516755,316,2054,1585,"JOSÉ TARGINO MARANHÃO","JOSE MARANHÃO"
131,103330,"19690",5,"CACIMBA DE AREIA","PB",2503407,1289,2665,2083,"JOSÉ TARGINO MARANHÃO","JOSE MARANHÃO"
131,103330,"19704",5,"COXIXOLA","PB",2504850,222,1414,970,"JOSÉ TARGINO MARANHÃO","JOSE MARANHÃO"
131,103330,"19712",5,"CACIMBA DE DENTRO","PB",2503506,6315,9959,8093,"JOSÉ TARGINO MARANHÃO","JOSE MARANHÃO"
131,103330,"19720",5,"PARARI","PB",2510659,584,1742,1489,"JOSÉ TARGINO MARANHÃO","JOSE MARANHÃO"
131,103330,"19739",5,"CAIÇARA","PB",2503605,1997,5084,4215,"JOSÉ TARGINO MARANHÃO","JOSE MARANHÃO"
131,103330,"19747",5,"PEDRO RÉGIS","PB",2512721,489,3232,2462,"JOSÉ TARGINO MARANHÃO","JOSE MARANHÃO"
131,103330,"19755",5,"CAJAZEIRAS","PB",2503704,11463,34855,25025,"JOSÉ TARGINO MARANHÃO","JOSE MARANHÃO"
131,103330,"19763",5,"ALCANTIL","PB",2500536,1626,3780,2913,"JOSÉ TARGINO MARANHÃO","JOSE MARANHÃO"
131,103330,"19771",5,"CALDAS BRANDÃO","PB",2503803,1371,4003,3104,"JOSÉ TARGINO MARANHÃO","JOSE MARANHÃO"
131,103330,"19780",5,"BARRA DE SANTANA","PB",2501575,2036,6002,4413,"JOSÉ TARGINO MARANHÃO","JOSE MARANHÃO"
131,103330,"19798",5,"CAMALAÚ","PB",2503902,446,4138,3147,"JOSÉ TARGINO MARANHÃO","JOSE MARANHÃO"
131,103330,"19801",5,"CATURITÉ","PB",2504355,930,3816,2921,"JOSÉ TARGINO MARANHÃO","JOSE MARANHÃO"
131,103330,"19810",5,"CAMPINA GRANDE","PB",2504009,54061,244950,161082,"JOSÉ TARGINO MARANHÃO","JOSE MARANHÃO"
131,103330,"19828",5,"RIACHO DE SANTO ANTÔNIO","PB",2512788,614,1676,1390,"JOSÉ TARGINO MARANHÃO","JOSE MARANHÃO"
131,103330,"19836",5,"CARRAPATEIRA","PB",2504108,605,1682,1404,"JOSÉ TARGINO MARANHÃO","JOSE MARANHÃO"
131,103330,"19844",5,"APARECIDA","PB",2500775,2199,5473,4246,"JOSÉ TARGINO MARANHÃO","JOSE MARANHÃO"
131,103330,"19852",5,"CATINGUEIRA","PB",2504207,1151,3210,2677,"JOSÉ TARGINO MARANHÃO","JOSE MARANHÃO"
131,103330,"19860",5,"SÃO FRANCISCO","PB",2513984,303,2987,2512,"JOSÉ TARGINO MARANHÃO","JOSE MARANHÃO"
131,103330,"19879",5,"CATOLÉ DO ROCHA","PB",2504306,4703,17108,12435,"JOSÉ TARGINO MARANHÃO","JOSE MARANHÃO"
131,103330,"19887",5,"VIEIRÓPOLIS","PB",2517209,498,3967,3187,"JOSÉ TARGINO MARANHÃO","JOSE MARANHÃO"
131,103330,"19895",5,"CONCEIÇÃO","PB",2504405,1205,10850,8357,"JOSÉ TARGINO MARANHÃO","JOSE MARANHÃO"
131,103330,"19909",5,"AREIA DE BARAÚNAS","PB",2501153,597,1539,1281,"JOSÉ TARGINO MARANHÃO","JOSE MARANHÃO"
131,103330,"19917",5,"CONDADO","PB",2504504,1133,4515,3680,"JOSÉ TARGINO MARANHÃO","JOSE MARANHÃO"
131,103330,"19925",5,"ALGODÃO DE JANDAÍRA","PB",2500577,583,2242,1854,"JOSÉ TARGINO MARANHÃO","JOSE MARANHÃO"
131,103330,"19933",5,"CONDE","PB",2504603,4311,14594,10598,"JOSÉ TARGINO MARANHÃO","JOSE MARANHÃO"
131,103330,"19941",5,"BOA VISTA","PB",2502151,1767,4812,3456,"JOSÉ TARGINO MARANHÃO","JOSE MARANHÃO"
131,103330,"19950",5,"CONGO","PB",2504702,305,3754,2817,"JOSÉ TARGINO MARANHÃO","JOSE MARANHÃO"
131,103330,"19968",5,"MARCAÇÃO","PB",2509057,839,4510,2902,"JOSÉ TARGINO MARANHÃO","JOSE MARANHÃO"
131,103330,"19976",5,"COREMAS","PB",2504801,2248,8983,7517,"JOSÉ TARGINO MARANHÃO","JOSE MARANHÃO"
131,103330,"19984",5,"MATURÉIA","PB",2509396,1355,3991,3056,"JOSÉ TARGINO MARANHÃO","JOSE MARANHÃO"
131,103330,"19992",5,"CRUZ DO ESPÍRITO SANTO","PB",2504900,3446,11784,8893,"JOSÉ TARGINO MARANHÃO","JOSE MARANHÃO"
131,103330,"20001",5,"SANTA CECÍLIA","PB",2513158,926,4752,3719,"JOSÉ TARGINO MARANHÃO","JOSE MARANHÃO"
131,103330,"20010",5,"CUBATI","PB",2505006,2071,5184,4153,"JOSÉ TARGINO MARANHÃO","JOSE MARANHÃO"
131,103330,"20036",5,"CUITÉ","PB",2505105,1830,12253,9550,"JOSÉ TARGINO MARANHÃO","JOSE MARANHÃO"
131,103330,"20052",5,"CUITEGI","PB",2505204,836,4112,2896,"JOSÉ TARGINO MARANHÃO","JOSE MARANHÃO"
131,103330,"20079",5,"CURRAL VELHO","PB",2505303,168,1591,1291,"JOSÉ TARGINO MARANHÃO","JOSE MARANHÃO"
131,103330,"20095",5,"DESTERRO","PB",2505402,694,5141,4223,"JOSÉ TARGINO MARANHÃO","JOSE MARANHÃO"
131,103330,"20117",5,"VISTA SERRANA","PB",2505501,937,2044,1582,"JOSÉ TARGINO MARANHÃO","JOSE MARANHÃO"
131,103330,"20133",5,"DIAMANTE","PB",2505600,1627,4121,3437,"JOSÉ TARGINO MARANHÃO","JOSE MARANHÃO"
131,103330,"20150",5,"DONA INÊS","PB",2505709,1986,6653,5519,"JOSÉ TARGINO MARANHÃO","JOSE MARANHÃO"
131,103330,"20176",5,"DUAS ESTRADAS","PB",2505808,719,2814,2295,"JOSÉ TARGINO MARANHÃO","JOSE MARANHÃO"
131,103330,"20192",5,"EMAS","PB",2505907,1233,2350,1915,"JOSÉ TARGINO MARANHÃO","JOSE MARANHÃO"
131,103330,"20214",5,"ESPERANÇA","PB",2506004,8213,19054,13820,"JOSÉ TARGINO MARANHÃO","JOSE MARANHÃO"
131,103330,"20230",5,"FAGUNDES","PB",2506103,2839,7534,5872,"JOSÉ TARGINO MARANHÃO","JOSE MARANHÃO"
131,103330,"20257",5,"FREI MARTINHO","PB",2506202,526,2246,1777,"JOSÉ TARGINO MARANHÃO","JOSE MARANHÃO"
131,103330,"20273",5,"GUARABIRA","PB",2506301,11826,31999,23380,"JOSÉ TARGINO MARANHÃO","JOSE MARANHÃO"
131,103330,"20290",5,"GURINHÉM","PB",2506400,4079,8805,6732,"JOSÉ TARGINO MARANHÃO","JOSE MARANHÃO"
131,103330,"20311",5,"GURJÃO","PB",2506509,1430,2434,1992,"JOSÉ TARGINO MARANHÃO","JOSE MARANHÃO"
131,103330,"20338",5,"IBIARA","PB",2506608,662,4067,3072,"JOSÉ TARGINO MARANHÃO","JOSE MARANHÃO"
131,103330,"20354",5,"IMACULADA","PB",2506707,857,6180,4938,"JOSÉ TARGINO MARANHÃO","JOSE MARANHÃO"
131,103330,"20370",5,"INGÁ","PB",2506806,4334,10931,8312,"JOSÉ TARGINO MARANHÃO","JOSE MARANHÃO"
131,103330,"20397",5,"ITABAIANA","PB",2506905,9343,15749,12579,"JOSÉ TARGINO MARANHÃO","JOSE MARANHÃO"
131,103330,"20419",5,"ITAPORANGA","PB",2507002,2946,13090,10643,"JOSÉ TARGINO MARANHÃO","JOSE MARANHÃO"
131,103330,"20435",5,"ITAPOROROCA","PB",2507101,4536,9603,7472,"JOSÉ TARGINO MARANHÃO","JOSE MARANHÃO"
131,103330,"20451",5,"ITATUBA","PB",2507200,3282,6788,5632,"JOSÉ TARGINO MARANHÃO","JOSE MARANHÃO"
131,103330,"20478",5,"JACARAÚ","PB",2507309,2318,9436,7438,"JOSÉ TARGINO MARANHÃO","JOSE MARANHÃO"
131,103330,"20494",5,"JERICÓ","PB",2507408,647,4921,3821,"JOSÉ TARGINO MARANHÃO","JOSE MARANHÃO"
131,103330,"20516",5,"JOÃO PESSOA","PB",2507507,81625,425201,321484,"JOSÉ TARGINO MARANHÃO","JOSE MARANHÃO"
131,103330,"20532",5,"JUAREZ TÁVORA","PB",2507606,1695,5273,4037,"JOSÉ TARGINO MARANHÃO","JOSE MARANHÃO"
131,103330,"20559",5,"JUAZEIRINHO","PB",2507705,6135,10215,7785,"JOSÉ TARGINO MARANHÃO","JOSE MARANHÃO"
131,103330,"20575",5,"JUNCO DO SERIDÓ","PB",2507804,748,4311,3408,"JOSÉ TARGINO MARANHÃO","JOSE MARANHÃO"
131,103330,"20591",5,"JURIPIRANGA","PB",2507903,860,7386,5906,"JOSÉ TARGINO MARANHÃO","JOSE MARANHÃO"
131,103330,"20613",5,"JURU","PB",2508000,777,5582,4203,"JOSÉ TARGINO MARANHÃO","JOSE MARANHÃO"
131,103330,"20630",5,"LAGOA","PB",2508109,640,3253,2403,"JOSÉ TARGINO MARANHÃO","JOSE MARANHÃO"
131,103330,"20656",5,"LAGOA DE DENTRO","PB",2508208,976,4711,3819,"JOSÉ TARGINO MARANHÃO","JOSE MARANHÃO"
131,103330,"20672",5,"LAGOA SECA","PB",2508307,2920,16580,10264,"JOSÉ TARGINO MARANHÃO","JOSE MARANHÃO"
131,103330,"20699",5,"LASTRO","PB",2508406,901,2774,2349,"JOSÉ TARGINO MARANHÃO","JOSE MARANHÃO"
131,103330,"20710",5,"LIVRAMENTO","PB",2508505,1016,4282,3240,"JOSÉ TARGINO MARANHÃO","JOSE MARANHÃO"
131,103330,"20737",5,"LUCENA","PB",2508604,3021,7793,5917,"JOSÉ TARGINO MARANHÃO","JOSE MARANHÃO"
131,103330,"20753",5,"MÃE D'ÁGUA","PB",2508703,1217,3008,2584,"JOSÉ TARGINO MARANHÃO","JOSE MARANHÃO"
131,103330,"20770",5,"MALTA","PB",2508802,1185,3720,3105,"JOSÉ TARGINO MARANHÃO","JOSE MARANHÃO"
131,103330,"20796",5,"MAMANGUAPE","PB",2508901,5412,25175,18123,"JOSÉ TARGINO MARANHÃO","JOSE MARANHÃO"
131,103330,"20818",5,"MANAÍRA","PB",2509008,2555,6010,4764,"JOSÉ TARGINO MARANHÃO","JOSE MARANHÃO"
131,103330,"20834",5,"MARI","PB",2509107,4388,12626,9748,"JOSÉ TARGINO MARANHÃO","JOSE MARANHÃO"
131,103330,"20850",5,"MASSARANDUBA","PB",2509206,2118,8564,5581,"JOSÉ TARGINO MARANHÃO","JOSE MARANHÃO"
131,103330,"20877",5,"MATARACA","PB",2509305,1122,5396,3859,"JOSÉ TARGINO MARANHÃO","JOSE MARANHÃO"
131,103330,"20893",5,"MOGEIRO","PB",2509404,4915,8258,6589,"JOSÉ TARGINO MARANHÃO","JOSE MARANHÃO"
131,103330,"20915",5,"MONTADAS","PB",2509503,921,3408,2627,"JOSÉ TARGINO MARANHÃO","JOSE MARANHÃO"
131,103330,"20931",5,"MONTE HOREBE","PB",2509602,342,2948,2426,"JOSÉ TARGINO MARANHÃO","JOSE MARANHÃO"
131,103330,"20958",5,"MONTEIRO","PB",2509701,4039,19061,14058,"JOSÉ TARGINO MARANHÃO","JOSE MARANHÃO"
131,103330,"20974",5,"MULUNGU","PB",2509800,1373,7161,5849,"JOSÉ TARGINO MARANHÃO","JOSE MARANHÃO"
131,103330,"20990",5,"NATUBA","PB",2509909,2204,4712,3256,"JOSÉ TARGINO MARANHÃO","JOSE MARANHÃO"
131,103330,"21016",5,"NAZAREZINHO","PB",2510006,202,5232,4264,"JOSÉ TARGINO MARANHÃO","JOSE MARANHÃO"
131,103330,"21032",5,"NOVA FLORESTA","PB",2510105,1878,6003,4502,"JOSÉ TARGINO MARANHÃO","JOSE MARANHÃO"
131,103330,"21059",5,"NOVA OLINDA","PB",2510204,1168,3370,2449,"JOSÉ TARGINO MARANHÃO","JOSE MARANHÃO"
131,103330,"21075",5,"NOVA PALMEIRA","PB",2510303,469,2799,2147,"JOSÉ TARGINO MARANHÃO","JOSE MARANHÃO"
131,103330,"21091",5,"OLHO D'ÁGUA","PB",2510402,1000,4874,3836,"JOSÉ TARGINO MARANHÃO","JOSE MARANHÃO"
131,103330,"21113",5,"OLIVEDOS","PB",2510501,990,2953,2350,"JOSÉ TARGINO MARANHÃO","JOSE MARANHÃO"
131,103330,"21130",5,"OURO VELHO","PB",2510600,418,2285,1876,"JOSÉ TARGINO MARANHÃO","JOSE MARANHÃO"
131,103330,"21156",5,"PASSAGEM","PB",2510709,580,1805,1587,"JOSÉ TARGINO MARANHÃO","JOSE MARANHÃO"
131,103330,"21172",5,"PATOS","PB",2510808,25353,53893,42725,"JOSÉ TARGINO MARANHÃO","JOSE MARANHÃO"
131,103330,"21199",5,"PAULISTA","PB",2510907,1861,7414,5875,"JOSÉ TARGINO MARANHÃO","JOSE MARANHÃO"
131,103330,"21210",5,"PEDRA BRANCA","PB",2511004,236,2873,2438,"JOSÉ TARGINO MARANHÃO","JOSE MARANHÃO"
131,103330,"21237",5,"PEDRA LAVRADA","PB",2511103,2022,5038,4111,"JOSÉ TARGINO MARANHÃO","JOSE MARANHÃO"
131,103330,"21253",5,"PEDRAS DE FOGO","PB",2511202,7675,17036,13525,"JOSÉ TARGINO MARANHÃO","JOSE MARANHÃO"
131,103330,"21270",5,"PIANCÓ","PB",2511301,3495,9700,7768,"JOSÉ TARGINO MARANHÃO","JOSE MARANHÃO"
131,103330,"21296",5,"PICUÍ","PB",2511400,3433,11749,8672,"JOSÉ TARGINO MARANHÃO","JOSE MARANHÃO"
131,103330,"21318",5,"PILAR","PB",2511509,2140,7439,5359,"JOSÉ TARGINO MARANHÃO","JOSE MARANHÃO"
131,103330,"21334",5,"PILÕES","PB",2511608,1600,4978,3561,"JOSÉ TARGINO MARANHÃO","JOSE MARANHÃO"
131,103330,"21350",5,"PILÕEZINHOS","PB",2511707,927,3753,2367,"JOSÉ TARGINO MARANHÃO","JOSE MARANHÃO"
131,103330,"21377",5,"PIRPIRITUBA","PB",2511806,2941,5805,4571,"JOSÉ TARGINO MARANHÃO","JOSE MARANHÃO"
131,103330,"21393",5,"PITIMBU","PB",2511905,2166,8373,5548,"JOSÉ TARGINO MARANHÃO","JOSE MARANHÃO"
131,103330,"21415",5,"POCINHOS","PB",2512002,3363,10879,7449,"JOSÉ TARGINO MARANHÃO","JOSE MARANHÃO"
131,103330,"21431",5,"POMBAL","PB",2512101,6688,19795,16545,"JOSÉ TARGINO MARANHÃO","JOSE MARANHÃO"
131,103330,"21458",5,"PRATA","PB",2512200,1265,3065,2372,"JOSÉ TARGINO MARANHÃO","JOSE MARANHÃO"
131,103330,"21474",5,"PRINCESA ISABEL","PB",2512309,1033,11503,8551,"JOSÉ TARGINO MARANHÃO","JOSE MARANHÃO"
131,103330,"21490",5,"PUXINANÃ","PB",2512408,2912,9056,6163,"JOSÉ TARGINO MARANHÃO","JOSE MARANHÃO"
131,103330,"21512",5,"QUEIMADAS","PB",2512507,7305,26182,18657,"JOSÉ TARGINO MARANHÃO","JOSE MARANHÃO"
131,103330,"21539",5,"QUIXABA","PB",2512606,856,1539,1233,"JOSÉ TARGINO MARANHÃO","JOSE MARANHÃO"
131,103330,"21555",5,"REMÍGIO","PB",2512705,2156,10112,8003,"JOSÉ TARGINO MARANHÃO","JOSE MARANHÃO"
131,103330,"21571",5,"RIACHO DOS CAVALOS","PB",2512804,756,6126,5110,"JOSÉ TARGINO MARANHÃO","JOSE MARANHÃO"
131,103330,"21598",5,"RIO TINTO","PB",2512903,3750,14014,9678,"JOSÉ TARGINO MARANHÃO","JOSE MARANHÃO"
131,103330,"21610",5,"SALGADINHO","PB",2513000,381,2247,1865,"JOSÉ TARGINO MARANHÃO","JOSE MARANHÃO"
131,103330,"21636",5,"SALGADO DE SÃO FÉLIX","PB",2513109,4220,7391,5922,"JOSÉ TARGINO MARANHÃO","JOSE MARANHÃO"
131,103330,"21652",5,"SANTA CRUZ","PB",2513208,428,4415,3747,"JOSÉ TARGINO MARANHÃO","JOSE MARANHÃO"
131,103330,"21679",5,"SANTA HELENA","PB",2513307,1424,4212,3376,"JOSÉ TARGINO MARANHÃO","JOSE MARANHÃO"
131,103330,"21695",5,"SANTA LUZIA","PB",2513406,5095,9235,7509,"JOSÉ TARGINO MARANHÃO","JOSE MARANHÃO"
131,103330,"21717",5,"SANTANA DE MANGUEIRA","PB",2513505,318,3525,2622,"JOSÉ TARGINO MARANHÃO","JOSE MARANHÃO"
131,103330,"21733",5,"SANTANA DOS GARROTES","PB",2513604,1367,4423,3182,"JOSÉ TARGINO MARANHÃO","JOSE MARANHÃO"
131,103330,"21750",5,"SANTA RITA","PB",2513703,19663,74221,52107,"JOSÉ TARGINO MARANHÃO","JOSE MARANHÃO"
131,103330,"21776",5,"SANTA TERESINHA","PB",2513802,1751,3913,3271,"JOSÉ TARGINO MARANHÃO","JOSE MARANHÃO"
131,103330,"21792",5,"SÃO BENTO","PB",2513901,7165,20664,17279,"JOSÉ TARGINO MARANHÃO","JOSE MARANHÃO"
131,103330,"21814",5,"SÃO JOÃO DO CARIRI","PB",2514008,1884,3280,2680,"JOSÉ TARGINO MARANHÃO","JOSE MARANHÃO"
131,103330,"21830",5,"SÃO JOÃO DO TIGRE","PB",2514107,81,2968,2414,"JOSÉ TARGINO MARANHÃO","JOSE MARANHÃO"
131,103330,"21857",5,"SÃO JOSÉ DA LAGOA TAPADA","PB",2514206,1677,5101,4122,"JOSÉ TARGINO MARANHÃO","JOSE MARANHÃO"
131,103330,"21873",5,"SÃO JOSÉ DE CAIANA","PB",2514305,775,3436,2741,"JOSÉ TARGINO MARANHÃO","JOSE MARANHÃO"
131,103330,"21890",5,"SÃO JOSÉ DE ESPINHARAS","PB",2514404,1495,3332,2803,"JOSÉ TARGINO MARANHÃO","JOSE MARANHÃO"
131,103330,"21911",5,"SÃO JOSÉ DE PIRANHAS","PB",2514503,3242,11469,8168,"JOSÉ TARGINO MARANHÃO","JOSE MARANHÃO"
131,103330,"21938",5,"SÃO JOSÉ DO BONFIM","PB",2514602,1539,2837,2336,"JOSÉ TARGINO MARANHÃO","JOSE MARANHÃO"
131,103330,"21954",5,"SÃO JOSÉ DO SABUGI","PB",2514701,750,3274,2657,"JOSÉ TARGINO MARANHÃO","JOSE MARANHÃO"
131,103330,"21970",5,"SÃO JOSÉ DOS CORDEIROS","PB",2514800,401,2523,1907,"JOSÉ TARGINO MARANHÃO","JOSE MARANHÃO"
131,103330,"21997",5,"SÃO MAMEDE","PB",2514909,2536,5282,4448,"JOSÉ TARGINO MARANHÃO","JOSE MARANHÃO"
131,103330,"22012",5,"SÃO MIGUEL DE TAIPU","PB",2515005,591,4501,3710,"JOSÉ TARGINO MARANHÃO","JOSE MARANHÃO"
131,103330,"22039",5,"SÃO SEBASTIÃO DE LAGOA DE ROÇA","PB",2515104,1365,6736,4573,"JOSÉ TARGINO MARANHÃO","JOSE MARANHÃO"
131,103330,"22055",5,"SÃO SEBASTIÃO DO UMBUZEIRO","PB",2515203,179,2388,1838,"JOSÉ TARGINO MARANHÃO","JOSE MARANHÃO"
131,103330,"22071",5,"SAPÉ","PB",2515302,9914,27733,19861,"JOSÉ TARGINO MARANHÃO","JOSE MARANHÃO"
131,103330,"22098",5,"SÃO VICENTE DO SERIDÓ","PB",2515401,2681,6498,5395,"JOSÉ TARGINO MARANHÃO","JOSE MARANHÃO"
131,103330,"22110",5,"SERRA BRANCA","PB",2515500,1735,7761,5471,"JOSÉ TARGINO MARANHÃO","JOSE MARANHÃO"
131,103330,"22136",5,"SERRA DA RAIZ","PB",2515609,387,2041,1562,"JOSÉ TARGINO MARANHÃO","JOSE MARANHÃO"
131,103330,"22152",5,"SERRA GRANDE","PB",2515708,148,2205,1864,"JOSÉ TARGINO MARANHÃO","JOSE MARANHÃO"
131,103330,"22179",5,"SERRA REDONDA","PB",2515807,1390,4828,3515,"JOSÉ TARGINO MARANHÃO","JOSE MARANHÃO"
131,103330,"22195",5,"SERRARIA","PB",2515906,999,3354,2505,"JOSÉ TARGINO MARANHÃO","JOSE MARANHÃO"
131,103330,"22217",5,"SOLÂNEA","PB",2516003,3536,15244,10677,"JOSÉ TARGINO MARANHÃO","JOSE MARANHÃO"
131,103330,"22233",5,"SOLEDADE","PB",2516102,5078,9026,7081,"JOSÉ TARGINO MARANHÃO","JOSE MARANHÃO"
131,103330,"22250",5,"SOUSA","PB",2516201,11094,37783,28026,"JOSÉ TARGINO MARANHÃO","JOSE MARANHÃO"
131,103330,"22276",5,"SUMÉ","PB",2516300,2882,9881,7238,"JOSÉ TARGINO MARANHÃO","JOSE MARANHÃO"
131,103330,"22292",5,"TACIMA","PB",2516409,2704,5552,4349,"JOSÉ TARGINO MARANHÃO","JOSE MARANHÃO"
131,103330,"22314",5,"TAPEROÁ","PB",2516508,3761,8087,6299,"JOSÉ TARGINO MARANHÃO","JOSE MARANHÃO"
131,103330,"22330",5,"TAVARES","PB",2516607,1270,7813,6059,"JOSÉ TARGINO MARANHÃO","JOSE MARANHÃO"
131,103330,"22357",5,"TEIXEIRA","PB",2516706,3011,8332,6352,"JOSÉ TARGINO MARANHÃO","JOSE MARANHÃO"
131,103330,"22373",5,"TRIUNFO","PB",2516805,1623,4992,3740,"JOSÉ TARGINO MARANHÃO","JOSE MARANHÃO"
131,103330,"22390",5,"UIRAÚNA","PB",2516904,2577,8734,7097,"JOSÉ TARGINO MARANHÃO","JOSE MARANHÃO"
131,103330,"22411",5,"UMBUZEIRO","PB",2517001,2311,5201,3742,"JOSÉ TARGINO MARANHÃO","JOSE MARANHÃO"
131,103330,"22438",5,"VÁRZEA","PB",2517100,1203,2017,1646,"JOSÉ TARGINO MARANHÃO","JOSE MARANHÃO"
